type,name,one-letter,two-letter,three-letter
aa,glycine,G,,GLY
aa,alanine,A,,ALA
aa,leucine,L,,LEU
aa,methionine,M,,MET
aa,phenylalanine,F,,PHE
aa,tryptophan,W,,TRP
aa,lysine,K,,LYS
aa,glutamine,Q,,GLN
aa,glutamic acid,E,,GLU
aa,serine,S,,SER
aa,proline,P,,PRO
aa,valine,V,,VAL
aa,isoleucine,I,,ILE
aa,cysteine,C,,CYS
aa,cysteine,C,,CYM
aa,tyrosine,Y,,TYR
aa,histidine,H,,HIS
aa,arginine,R,,ARG
aa,asparagine,N,,ASN
aa,aspartic acid,D,,ASP
aa,threonine,T,,THR
na,adenine,A,DA,ADE
na,adenine,A,DA,DA5
na,adenine,A,DA,DA3
na,cytosine,C,DC,CYT
na,cytosine,C,DC,DC5
na,cytosine,C,DC,DC3
na,guanine,G,DG,GUA
na,guanine,G,DG,DG5
na,guanine,G,DG,DG3
na,thymine,T,DT,THY
na,thymine,T,DT,DT5
na,thymine,T,DT,DT3
na,uracil,U,DU,URA
na,uracil,U,DU,DU5
na,uracil,U,DU,DU3
sol,water,,,HOH
sol,water,,,H2O
sol,solvent,,,SOL
ion,iron,,FE,FE1
ion,iron,,FE,FE2
ion,iron,,FE,FE3
ion,iron,,FE,FE4
ion,zirconium,,ZR,ZR1
ion,zirconium,,ZR,ZR2
ion,zirconium,,ZR,ZR3
ion,ruthenium,,RU,RU1
ion,rubidium,,RH,RH1
ion,tantalum,,TA,TA1
ion,tantalum,,TA,TA2
ion,tantalum,,TA,TA3
ion,tantalum,,TA,TA4
ion,tantalum,,TA,TA5
ion,tantalum,,TA,TA6
ion,tin,,SN,SN1
ion,lead,,PT,PT1